danceability,energy,speechiness,acousticness,instrumentalness,tempo
0.6364749082007344,0.4243684042212984,0.0434337225978283,0.8474732314511086,0.7278287461773699,0.5433283796623383
0.49204406364749076,0.7430977507728388,0.007785289899610727,0.17473927215599802,0.9602446483180427,0.23283065753891885
0.6817625458996327,0.6428952137298796,0.2583486990370825,0.06322301223680851,0.7889908256880733,0.18981898798937802
0.7258261933904528,0.5277688945741393,0.3669330055316533,0.3040334865550583,0.00547400611620795,0.09850293565912249
0.3782129742962056,0.38066304231958215,0.03216553984839172,0.7343407938519309,0.5667686034658512,0.39103954003946695
0.5495716034271725,0.42223643534804395,0.041589838147920506,0.5939353579029513,0.0005922528032619776,0.12323677735279076
0.45899632802937573,0.45528195288348794,0.004507273099774632,0.5494904717032744,0.006095820591233435,0.20196969327843695
0.7392900856793145,0.41690651316490784,0.06535545994673223,0.14039549645624763,0.0,0.289247691670524
0.6070991432068543,0.6652808868990514,0.004917025199754142,0.08150602224167562,0.0,0.3543316198504154
0.5238678090575274,0.43822620189745237,0.4878098750256094,0.5585814711532083,0.0011620795107033638,0.620526469656735
0.690330477356181,0.6205095405607078,0.03872157344806391,0.39696370315438295,3.231396534148827e-05,0.35400881915852567
0.8494492044063646,0.5309668478840209,0.0434337225978283,0.49292425290368547,0.00048521916411824667,0.2996869442346578
0.7478580171358629,0.5565504743630743,0.059618930547019035,0.8616147861510058,0.0007227319062181447,0.39086291324579137
0.7564259485924112,0.4883274704189319,0.03155091169842245,0.16665838375605677,0.07696228338430172,0.2874083367846615
0.5544675642594858,0.15787229506449207,0.01475107559926244,0.9131304497006315,0.0,0.17152897897532093
0.5556915544675641,0.47233770386952356,0.011268182749436584,0.07766760025170352,0.0013965341488277267,0.1659195556313494
0.6878824969400243,0.5309668478840209,0.0016390083999180405,0.03766720267199424,0.0023853211009174312,0.30574707043145666
0.5116279069767442,0.7260419997868032,0.0930137266953493,0.03372776957702287,0.0019673802242609582,0.2082308085852803
0.8665850673194613,0.46487581281313295,0.4447859045277606,0.06908165632676593,9.184505606523954e-05,0.34231490730138625
0.5691554467564258,0.41690651316490784,0.022946117598852685,0.6171679120527824,0.09347604485219164,0.34148049796574664
0.3929008567931457,0.3955868244323633,0.026633886498668304,0.49090403080370015,0.001202854230377166,0.5497234877092114
0.7294981640146878,0.7484276729559749,0.13214505224339274,0.011202293162186584,0.006432212028542303,0.4883304504592296
0.7772337821297429,0.5682763031659738,0.00655603359967219,0.04261674681695827,0.6309887869520897,0.32973786147586903
0.4296205630354957,0.6834026223217141,0.028272894898586344,0.21312349205571904,7.054026503567787e-06,0.2084439788535094
0.8408812729498163,0.6716767935188147,0.04015570579799219,0.00047491381126454836,0.01906218144750255,0.3786147586912564
0.47980416156670747,0.7420317663362116,0.02438024994878097,0.027768114382066184,4.8521916411824665e-06,0.45171997953565424
0.6401468788249693,0.7729453149984011,0.027863142798606834,0.01584880399215281,0.008450560652395515,0.5310984968450799
0.5826193390452876,0.6535550580961519,0.40790821552960455,0.03847529151198837,2.874617737003058e-06,0.23887860257753313
0.7209302325581395,0.7281739686600576,0.13931571399303416,0.017970037197137394,0.0001967380224260958,0.4030927960630497
0.39534883720930225,0.8411683189425435,0.9549272690022534,0.6141375789028045,0.5494393476044852,0.13085000121811585
0.48102815177478575,0.658884980279288,0.03667281294816634,0.33130648490486014,0.9683995922528031,0.6955441323361025
0.5936352509179926,0.29858224069928585,0.018029092399098536,0.9282821154505214,0.8960244648318042,0.21681852510536703
0.7392900856793145,0.4947233770386953,0.056136037697193185,0.6383802441026283,0.0,0.2566630935269325
0.7184822521419828,0.45634793732011514,0.1532472853923376,0.4484793667040085,0.0,0.3911491704631277
0.41738066095471227,0.22396333013538006,0.03585330874820732,0.7424216822518721,0.011620795107033639,0.4084220527687773
0.6768665850673193,0.3646732757701738,0.03872157344806391,0.07898074461669399,0.0007074413863404688,0.2942419665261773
0.3561811505507956,0.34228760260100205,0.02192173734890391,0.3929232589544123,0.7420998980632008,0.4406533973250176
0.4124847001223989,0.45528195288348794,0.049989756197500505,0.06554626765179163,0.029561671763506627,0.4064121616683315
0.6609547123623011,0.5096471591514764,0.1331694324933415,0.4212063683542067,0.011213047910295615,0.41871513143469685
0.46756425948592406,0.23782112781153397,0.055726285597213675,0.37474126005454444,0.8899082568807339,0.3625356298876897
0.24235006119951039,0.30711011619230366,0.02048760499897561,0.58585446950301,0.0032619775739041795,0.1621921212268863
0.33292533659730716,0.9061933695768043,0.7807826265109609,0.04887943532691275,0.13353720693170235,0.20669598265403066
0.518971848225214,0.938172902675621,0.06453595574677318,0.013121504157172635,0.17227319062181448,0.34797914585718803
0.36107711138310883,0.441424155207334,0.06515058389674244,0.15958760640610814,0.0032110091743119264,0.22360343021414475
0.32313341493268055,0.40837863767189003,0.017209588199139515,0.2484773788054621,0.0007543323139653414,0.4887994250493336
0.5838433292533659,0.9371069182389938,0.021716861298914154,0.1878707158059026,0.001692150866462793,0.4580785441079738
0.3194614443084456,0.5107131435881037,0.012702315099364876,0.22524482465563095,1.5392456676860344e-05,0.45586766389748345
0.45654834761321905,0.22396333013538006,0.007580413849620972,0.31615481915497023,5.616717635066258e-06,0.3202426486710356
0.35985312117503054,0.4851295171090503,0.02438024994878097,0.5707028037531201,0.0,0.362425999464029
0.5177478580171357,0.866751945421597,0.27883630403605814,0.04766730206692156,0.0001946992864424057,0.6119083002411868
0.97062423500612,0.507515190278222,0.2829338250358533,0.11312249810644585,0.33537206931702346,0.32993885058591366
0.854345165238678,0.33269374267135704,0.22556853103872154,0.0857484886516448,0.9999999999999999,0.14729456476721803
0.8188494492044064,0.3827950111928366,0.3177627535341118,0.7808059021515932,0.891946992864424,0.3915146052086632
0.5520195838433292,0.8848736808442598,0.06904322884654782,0.030697436427044894,0.9174311926605504,0.5883316685750482
0.6217870257037943,0.6439611981665069,0.6414669125179266,0.384842370554471,0.17940876656472984,0.2063914536994177
0.9608323133414933,0.09178125999360412,0.2829338250358533,0.967676446400235,0.0004424057084607543,0.2388481496820718
0.8776009791921664,0.3955868244323633,0.18869084204056544,0.7393913491018942,6.065239551478083e-05,0.26943503788340195
0.5140758873929009,0.0,0.03769719319811512,1.0,0.9225280326197757,0.4682924452456939
0.6964504283965727,0.5448246455601748,0.057979922147100994,0.06837457859177107,0.1600407747196738,0.23876897215387238
0.44675642594859233,0.23675514337490677,0.18254456054087273,0.5262579175534432,0.2793068297655454,0.47712987550856334
0.7258261933904528,0.3305617737981026,0.060233558696988314,0.5070658076035827,0.005208970438328236,0.610062854776232
0.2484700122399021,0.34122161816437485,0.2808850645359557,0.9919191116000589,0.9734964322120284,0.12473505980948668
0.5862913096695226,0.09178125999360412,0.03728744109813561,0.9525247806503451,0.9143730886850152,0.2538492459863084
0.6915544675642594,0.6002558362647906,0.19278836304036054,0.2070628257557631,0.002456676860346585,0.2084866129071552
0.49326805385556916,0.3881249333759727,0.08461380864576928,0.6969666850022025,0.2456676860346585,0.34772943211440543
0.32558139534883723,0.5096471591514764,0.04322884654783855,0.7464621264518427,0.016411824668705402,0.4078860818086584
0.4406364749082007,0.27619656753011407,0.04118008604794098,0.757573348001762,0.9164118246687054,0.11680512583136404
0.6266829865361077,0.1887858437266816,0.08461380864576928,0.8919181176507857,0.7787971457696228,0.1168233975686408
0.7894736842105263,0.18132395267029103,0.03667281294816634,0.8686855635009545,0.856269113149847,0.512108071235413
0.6634026927784578,0.6428952137298796,0.08420405654578977,0.21211338100572638,0.0,0.2754220771310937
0.5373317013463891,0.29538428738940414,0.005326777299733652,0.6888857966022612,0.8603465851172273,0.20822471800618803
0.20685434516523868,0.7132501865472765,0.03073140749846342,0.038374280406989106,0.31396534148827726,0.22061295587984509
0.6156670746634026,0.5640123654194649,0.157959434542102,0.37979181530450773,0.21610601427115186,0.17843569566594386
0.2913096695226438,0.8965995096471592,0.8914156935054292,0.09130409942660442,0.0,0.29908397690452415
0.6682986536107711,0.6674128557723058,0.03810694529809464,0.6292892446526943,0.7329255861365952,0.29966867249738105
0.7613219094247246,0.5149770813346126,0.46937103052653134,0.811109233651373,0.9378185524974516,0.11679294467317952
0.642594859241126,0.5853320541520094,0.011268182749436584,0.017262959462142534,0.8491335372069316,0.2996504007601042
0.3292533659730721,0.848630209998934,0.018233968449088304,0.00567698571872674,0.9378185524974516,0.6707250225351427
0.6119951040391677,0.8443662722524251,0.02765826674861708,0.39898392525436827,0.9510703363914373,0.38516213121543597
0.6682986536107711,0.6205095405607078,0.026633886498668304,0.23029537990559426,0.06799184505606523,0.2570102565351914
0.6878824969400243,0.5629463809828377,0.06146281499692686,0.5272680286034359,0.7696228338430173,0.20821253684800356
0.8310893512851896,0.6524890736595247,0.12763777914361807,0.46262092140390576,0.6075433231396533,0.39103344946037466
0.7197062423500611,0.5512205521799382,0.028272894898586344,0.14443594065621826,0.6095820591233435,0.3299205788486369
0.8751529987760096,0.6482251359130158,0.23171481253841425,0.6595925761524741,0.7125382262996941,0.40948790410992275
0.6572827417380661,0.8688839142948513,0.09936488424503173,0.007091141188716462,0.908256880733945,0.7562732964650278
0.3916768665850673,0.5160430657712398,0.02479000204876048,0.011606337582183648,0.6962283384301733,0.17906911589153895
0.45777233782129734,0.7260419997868032,0.019053472649047325,0.07928377793169178,0.24872579001019365,0.3604100177844909
0.5006119951040392,0.5576164587997016,0.06146281499692686,0.057667401461848886,0.9469928644240571,0.5126074987209784
0.4528763769889841,0.6642149024624241,0.027043638598647814,0.12726405280634306,0.7869520897043832,0.20825517090164936
0.6119951040391677,0.8187826457733717,0.0299119032985044,0.10807194285648256,0.9480122324159022,0.1961227373498673
0.7784577723378213,0.6631489180257969,0.03400942429829953,0.020394303717119776,0.8868501529051988,0.41536531293395373
0.6744186046511627,0.658884980279288,0.08297480024585124,0.260598711405374,0.7787971457696228,0.695927838818915
0.9241126070991432,0.34122161816437485,0.19893464454005322,0.3191851523049482,0.38532110091743116,0.3971362097108193
0.6866585067319461,0.28579042745975913,0.09465273509526734,0.1313044970063137,0.8786952089704383,0.20838916364167903
0.701346389228886,0.42543438865792566,0.011268182749436584,0.8525237867010719,0.0032313965341488277,0.2872865252028163
0.5728274173806609,0.4808655793625414,0.008399918049579999,0.4191861462542214,0.024159021406727824,0.5730504056325675
0.23133414932680538,0.12269480865579366,0.011677934849416101,0.9222214491505654,9.745158002038736e-05,0.11189002850391022
0.8531211750305996,0.46913975055964185,0.6762958410161851,0.37474126005454444,0.040876656472986744,0.1836187784734572
0.7466340269277845,0.5853320541520094,0.04445810284777709,0.25251782300543274,0.21814475025484198,0.23258703437522843
0.5397796817625458,0.7228440464769215,0.17025199754148737,0.26564926665533733,0.42915392456676854,0.6702073233123005
0.47858017135862907,0.3838609956294638,0.03954107764802294,0.5989859131529146,0.6982670744138634,0.14721538723901872
0.5654834761321909,0.6535550580961519,0.051628764597418546,0.6161578010027898,0.0026503567787971457,0.11357102833337396
0.6915544675642594,0.6205095405607078,0.2296660520385167,0.23130549095558692,0.001620795107033639,0.6108485394791336
0.7833537331701346,0.6194435561240806,0.022126613398893664,0.831311454651226,0.01345565749235474,0.26922795819426515
0.7809057527539779,0.7356358597164482,0.09895513214505222,0.8979787839507416,0.5698267074413863,0.49419567812507603
0.7784577723378213,0.517109050207867,0.04753124359762343,0.18585049370591727,4.801223241590214e-05,0.2568275391624236
0.5214198286413707,0.6620829335891697,0.4038106945298094,0.30908404180502164,4.943934760448521e-05,0.6957938460788853
0.690330477356181,0.46380982837650575,0.07477975824626101,0.6757543529523568,8.807339449541284e-05,0.4015092454990621
0.5226438188494491,0.5768041786589916,0.541077648022946,0.11817305335640914,1.345565749235474e-06,0.19941774063877993
0.6572827417380661,0.47446967274277796,0.116779348494161,0.1535269401061522,0.0,0.2639291543839988
0.8433292533659729,0.4883274704189319,0.026633886498668304,0.008283072227707801,0.0014271151885830785,0.39095427193217525
0.5410036719706242,0.5085811747148492,0.0018438844499077955,0.009697227697697524,0.000564729867482161,0.671979681828148
0.44186046511627897,0.517109050207867,0.006351157549682435,0.059990656876832,0.005565749235474005,0.08666284990376882
0.5471236230110158,0.7548235795757382,0.09465273509526734,0.2777705992552492,0.4525993883792049,0.12302360708456156
0.4761321909424724,0.61198166506769,0.05142388854742879,0.15958760640610814,0.5983690112130479,0.378724389114917
0.6560587515299877,0.6908645133781047,0.05060438434746976,0.00745478116671382,0.7125382262996941,0.7199490827587887
0.7613219094247246,0.43396226415094347,0.08871132964556441,0.22120438045566032,0.016004077471967377,0.2570407094306527
0.7405140758873928,0.32416586717833923,0.14382298709280883,0.17372916110600536,0.009612640163098877,0.6348210587862693
0.5275397796817625,0.46061187506662404,0.08297480024585124,0.4363580341040966,0.0,0.1467890467025605
0.8824969400244798,0.5863980385886366,0.07744314689612783,0.37272103795455913,0.06564729867482161,0.3604100177844909
0.6217870257037943,0.5650783498560921,0.04609711124769513,0.6100971347028338,0.2579001019367992,0.5432492021341389
0.7246022031823744,0.48193156379916857,0.09854538004507268,0.01594981509715208,0.03160040774719674,0.4524143055521719
0.43451652386780903,0.20264364140283553,0.06043843474697807,0.9151506718006168,0.8623853211009174,0.5061332131459059
0.34761321909424714,0.4861955015456775,0.07703339479614832,0.07261704500174024,0.0,0.270933320340098
0.591187270501836,0.5480225988700564,0.11903298504404833,0.25453804510541805,0.0,0.6715228883962288
0.08445532435740513,0.3838609956294638,0.04179471419791025,0.17372916110600536,0.1529051987767584,0.18550076741296562
0.6768665850673193,0.7708133461251466,0.09055521409547221,0.027566092172067656,0.18042813455657492,0.23904304821302413
0.5152998776009792,0.4488860462637245,0.026429010448678535,0.136355052256277,0.54638124362895,0.7388481496820718
0.252141982864137,0.5949259140816544,0.2583486990370825,0.1999920484058145,0.0,0.07764879284722398
0.4883720930232558,0.5576164587997016,0.12169637369391514,0.4030243694543389,0.04046890927624872,0.47935902745633063
0.7392900856793145,0.3678712290800555,0.06125793894693709,0.03342473626202507,0.12436289500509683,0.24506663093526937
0.7539779681762545,0.34655154034751096,0.04712149149764391,0.5656522485031569,0.0,0.3421321899286184
0.19706242350061196,0.6418292292932524,0.43659086252817036,0.23837626830553552,0.0,0.7438911491704632
0.6119951040391677,0.5650783498560921,0.0350338045482483,0.7232295723020116,0.0011926605504587156,0.2693314980388335
0.5250917992656058,0.7878690971111822,0.023765621798811705,0.14443594065621826,0.6676860346585117,0.5114685604307257
0.5042839657282742,0.6343673382368618,0.02274124154886293,0.05867751251184154,0.0005494393476044852,0.6221039296416303
0.5630354957160342,0.678072700138578,0.3628354845318582,0.1605977174561008,1.3149847094801223e-05,0.2690452408214973
0.5654834761321909,0.6983264044344952,0.5697602950215119,0.39696370315438295,0.0,0.11745072721514366
0.8739290085679314,0.6173115872508261,0.04363859864781806,0.8929282287007783,0.01018348623853211,0.39091163787852945
0.8127294981640147,0.5640123654194649,0.17025199754148737,0.432317589904126,0.00011416921508664627,0.2389334177893634
0.3635250917992655,0.1887858437266816,0.014136447449293175,0.22322460255564563,0.061060142711518856,0.5609910590298925
0.8714810281517746,0.11096897985289417,0.4038106945298094,0.7646441253517107,0.0910295616717635,0.37902891806953
0.7258261933904528,0.5330988167572754,0.14833026019258344,0.21817404730568235,0.005208970438328236,0.3060211464906083
0.6585067319461444,0.5021852680950859,0.02089735709895512,0.3868625926544563,0.0005565749235474007,0.22666699149755165
0.5348837209302324,0.4989873147852042,0.02806801884859659,0.17372916110600536,0.0017023445463812436,0.11662849903768852
0.4247246022031823,0.33802366485449314,0.03421430034828927,0.7434317933018648,3.822629969418959e-05,0.7753977148147246
0.6217870257037943,0.7100522332373947,0.012087686949395611,0.13029438595632103,0.0015902140672782873,0.2449265476161473
0.7368421052631579,0.2527449099243151,0.18664208154066786,0.5484803606532818,4.658511722731906e-05,0.561447852461812
0.9069767441860466,0.763351455068756,0.573857816021307,0.13332471910629903,0.00015596330275229357,0.22091748483445806
0.7417380660954712,0.5544185054898199,0.4837123540258143,0.671713908752386,0.0,0.45149462810924057
0.6854345165238677,0.3305617737981026,0.10038926449498053,0.016454870622148406,0.26809378185524974,0.14124052914951152
0.0,0.45421596844686074,0.05019463224749026,0.10100116550653394,0.00011416921508664627,0.7876215070528907
0.6940024479804161,0.6834026223217141,0.01598033189920097,0.6262589115027164,0.8776758409785932,0.365471289010159
0.5544675642594858,0.22502931457200726,0.06719934439664002,0.8525237867010719,5.4638124362895005e-06,0.1253197554023437
0.28641370869033045,0.2687346764737235,0.012907191149354638,0.9525247806503451,0.30377166156982666,0.5613443126172436
0.6560587515299877,0.031233343993177697,0.03257529194837123,0.9888887784500808,0.42405708460754327,0.42177260213901135
0.850673194614443,0.5608144121095832,0.21327596803933618,0.3605997053546472,0.7512742099898062,0.44013569810217557
0.6682986536107711,0.45101801513697903,0.21327596803933618,0.07665748920171087,0.0026299694189602443,0.695976563451653
0.9596083231334149,0.6237074938705895,0.8811718910059414,0.27979082135523453,0.0,0.4522376787584964
0.7184822521419828,0.5842660697153822,0.03155091169842245,0.3100941528550143,0.04780835881753313,0.2995712232319049
0.6450428396572827,0.46700778168638746,0.04097520999795123,0.18383027160593193,0.016819571865443424,0.21152581187419306
0.7197062423500611,0.5416266922502933,0.06371645154681416,0.10706183180648988,0.7747196738022426,0.2385070772529052
0.29987760097919214,0.5640123654194649,0.05859455029707026,0.3828221484544857,0.00026197757390417943,0.4789144151825956
0.7858017135862913,0.4446221085172157,0.2665437410366728,0.9060596723506829,0.0345565749235474,0.4032998757521865
0.47001223990208074,0.23675514337490677,0.555418971522229,0.5070658076035827,0.2619775739041794,0.683332521256121
0.7613219094247246,0.4936573926020681,0.04056545789797172,0.7737351248016445,0.019367991845056064,0.3056008965332424
0.7478580171358629,0.2847244430231319,0.0682237246465888,0.6454510214525769,0.0002507645259938838,0.48174044388140425
0.7490820073439411,0.4233024197846712,0.04220446629788976,0.4393883672540746,0.8103975535168195,0.22039978561161588
0.41860465116279066,0.431830295277689,0.04302397049784879,0.4100951468042875,0.6299694189602446,0.19101883207055326
0.7282741738066095,0.5362967700671571,0.026019258348699024,0.38585248160446367,0.8725790010193679,0.2692462299315419
0.9008567931456548,0.45741392175674234,0.05818479819709075,0.00567698571872674,0.1946992864424057,0.39102735888128237
0.5973072215422276,0.5853320541520094,0.054497029297275144,0.45555014405395716,0.023241590214067277,0.4517808853265768
0.7417380660954712,0.5533525210531927,0.15263265724236832,0.10908205390647521,0.00145769622833843,0.15956099105902993
0.6450428396572827,0.3625413068969193,0.17639827904118005,0.798987901051461,0.06360856269113149,0.1599873315954881
0.671970624235006,0.7324379064065665,0.00430239704978487,5.313184122961384e-06,0.5188583078491336,0.3935732209418471
0.7821297429620563,0.4947233770386953,0.05777504609711124,0.14948649590618154,0.0,0.39115526104221987
0.8739290085679314,0.6599509647159152,0.06228231919688588,0.019182170457128587,0.39041794087665643,0.31787341340414643
0.7515299877600978,0.6205095405607078,0.0200778528989961,0.429287256754148,0.15698267074413863,0.33618169415548027
0.48347613219094243,0.48299754823579577,0.0061462814996926796,0.13534494120628435,1.9877675840978592e-05,0.20862669622627716
0.5128518971848225,0.8027928792239635,0.09506248719524685,0.03544495836201039,0.0012742099898063201,0.14790362267644408
0.7380660954712361,0.6897985289414774,0.2522024175373898,0.01978823708712418,0.7441386340468908,0.23873851925841116
0.8102815177478581,0.46274384393987855,0.03339479614833025,0.05322291284188118,0.1946992864424057,0.4517321606938388
0.41860465116279066,0.583200085278755,0.022536365498873175,0.006464872337721014,0.13761467889908258,0.12958925134601795
0.6291309669522643,0.5373627545037843,0.04015570579799219,0.09898094340654863,0.05341488277268094,0.5124552342436719
0.44186046511627897,0.6354333226734891,0.09362835484531853,0.028273169907062516,1.2844036697247704e-05,0.65797134991595
0.6499388004895961,0.5757381942223644,0.0061462814996926796,0.07988984456168738,0.00041284403669724766,0.2568823543742539
0.6658506731946144,0.45847990619336965,0.02192173734890391,0.012919481947174105,0.7563710499490316,0.3910456306185591
0.7392900856793145,0.7505596418292293,0.21737348903913128,0.09635465467656772,0.711518858307849,0.6405949277657319
0.7184822521419828,0.7452297196460932,0.05285802089735709,0.10807194285648256,0.006024464831804281,0.34810704801812553
0.4638922888616891,0.7388338130263299,0.12251587789387416,0.4828231424037589,0.0,0.2682778278558725
0.4663402692778458,0.8592900543652063,0.09198934644540052,0.007707308929211985,0.6503567787971457,0.5125892269837016
0.33537331701346385,0.5554844899264471,0.0952673632452366,0.14039549645624763,0.0,0.756370745730504
0.5556915544675641,0.6279714316170985,0.39561565253021913,0.6727240198023787,0.004138634046890927,0.23287329159256465
0.6156670746634026,0.7079202643641404,0.6803933620159802,0.14039549645624763,1.8450560652395514e-06,0.15301970911394258
0.3157894736842105,0.540560707813666,0.15488629379225566,0.6707037977023934,1.8960244648318044e-05,0.4052732233780787
0.6805385556915543,0.962690544718047,0.09198934644540052,0.25958860035538134,0.0011620795107033638,0.4154201281457841
0.6413708690330477,0.8507621788721885,0.4488834255275557,0.044535957811944325,9.031600407747196e-05,0.561916827051916
0.5483476132190942,0.7121842021106493,0.12128662159393563,0.07554636704671895,6.238532110091743e-05,0.37841986016030404
0.11138310893512851,0.4403581707707068,0.027453390698627324,0.4868635866037295,0.000893985728848114,0.1475381879309085
0.28641370869033045,0.800660910350709,0.046301987297684886,0.006939624531217564,0.6289500509683995,0.7565778254196409
0.616891064871481,0.7185801087304126,0.050399508297480015,0.0007082494638128526,0.0007767584097859326,0.3667320388822569
0.4357405140758873,0.8379703656326618,0.14279860684286005,0.006767905652718812,3.292558613659531e-06,0.23278193290618066
0.7001223990208078,0.800660910350709,0.04753124359762343,0.04302079123695533,0.05147808358817533,0.4518539722756839
0.6695226438188495,0.6247734783072167,0.017209588199139515,0.077465578041705,0.0003690112130479103,0.35414890247764763
0.8445532435740513,0.36040933802366487,0.18049580004097518,0.14544605170621092,0.0054434250764525995,0.46412648914658805
0.6217870257037943,0.5938599296450272,0.010858430649457074,0.20403249260578513,0.0,0.22050332545618445
0.4724602203182374,0.46061187506662404,0.06801884859659904,0.42524681255417734,3.078491335372069e-05,0.5123699661363802
0.602203182374541,0.5576164587997016,0.010448678549477564,0.02271755913210289,1.8450560652395514e-06,0.20850488464443206
0.43084455324357396,0.8688839142948513,0.0901454619954927,0.11615283125642382,0.0,0.11686603162228665
0.762545899632803,0.839036350069289,0.190739602540463,0.43332770095411866,0.0,0.29949813628279776
0.7992656058751529,0.7217780620402943,0.031755787748412194,0.08079894450668076,3.160040774719674e-05,0.403007527955758
0.671970624235006,0.7025903421810041,0.04425322679778732,0.0072022534042156545,0.000508664627930683,0.3608363583209492
0.5336597307221541,0.7260419997868032,0.010038926449498047,0.0013537104247581615,0.00021916411824668704,0.5744451482446951
0.627906976744186,0.8742138364779874,0.03790206924810489,0.0135255485771697,6.962283384301733e-05,0.26318001315565076
0.3427172582619339,0.6802046690118324,0.022126613398893664,0.003878988049739808,0.015290519877675839,0.1779119058640095
0.6070991432068543,0.5480225988700564,0.0299119032985044,0.06281896781681144,0.0014475025484199796,0.40878748751431293
0.7319461444308445,0.8166506769001173,0.09280885064535954,0.2848413766051978,0.0005535168195718653,0.5127963066728384
0.6768665850673193,0.7175141242937854,0.01679983609915999,0.12221349755637977,0.0028338430173292556,0.30549126610958166
0.6695226438188495,0.7889350815478094,0.04363859864781806,0.19292127105586587,0.0,0.26927668282700323
0.4969400244798041,0.7377678285897027,0.01925834869903708,0.00017289060731674348,1.1926605504587156e-06,0.4395814554047799
0.4137086903304773,0.6205095405607078,0.10018438844499075,0.39898392525436827,0.009062181447502548,0.7575584086534948
0.850673194614443,0.8273105212663895,0.14546199549272687,0.00236382147475082,0.7573904179408766,0.3178795039832387
0.6083231334149326,0.6695448246455603,0.018233968449088304,0.06463716770679823,0.0,0.5130642921528978
0.6376988984088127,0.7004583733077497,0.04835074779758245,0.05322291284188118,4.8114169215086645e-05,0.37841376958121176
0.5312117503059974,0.5586824432363288,0.042409342347879526,0.058475490301843014,0.0014984709480122323,0.5438338977269959
0.5299877600979191,0.3678712290800555,0.10202827289489858,0.14948649590618154,0.0,0.23928667137671444
0.6731946144430844,0.46594179724976015,0.11247695144437611,0.1313044970063137,0.00022426095820591232,0.3545021560649986
0.4724602203182374,0.4989873147852042,0.06760909649661953,0.4393883672540746,0.0,0.5683484785733427
0.4039167686658506,0.697260419997868,0.01700471214914976,0.03433383620701847,1.3353720693170232e-06,0.1992593855823812
0.37209302325581395,0.5384287389404115,0.07437000614628148,0.4575703661539425,0.0,0.36089726411187184
0.6940024479804161,0.7164481398571582,0.1620569555418971,0.014838692942160154,0.327217125382263,0.39107608351402057
0.7405140758873928,0.5768041786589916,0.058799426347060015,0.00526284018822975,5.351681957186543e-06,0.33619387531366474
0.3635250917992655,0.6993923888711225,0.14566687154271662,0.136355052256277,6.697247706422018e-05,0.5004507028528272
0.45777233782129734,0.8635539921117152,0.2706412620364679,0.032212603002033886,0.1743119266055046,0.42822252539771477
0.6144430844553244,0.5320328323206482,0.21737348903913128,0.2626189335053593,0.1498470948012232,0.34884400808828897
0.33414932680538545,0.29431830295277694,0.03933620159803317,0.050293590796902474,0.007930682976554535,0.5138134333812459
0.5667074663402693,0.5128451124613581,0.12149149764392539,0.40403448050433155,0.0,0.4399468901503155
0.4479804161566707,0.5064492058415948,0.026019258348699024,0.08150602224167562,0.5830784913353719,0.11676249177771825
0.7111383108935128,0.4424901396439613,0.2624462200368776,0.15251682905615951,0.1111111111111111,0.26917923356152695
0.6083231334149326,0.5618803965462105,0.6947346855152632,0.24039649040552083,0.2935779816513761,0.5120045313908446
0.21297429620563033,0.46380982837650575,0.2624462200368776,0.0783746779866984,0.0005351681957186543,0.15150924549906208
0.6634026927784578,0.7580215328856199,0.03974595369801268,0.13029438595632103,0.2038735983690112,0.6164518722440129
0.1689106487148103,0.4872614859823047,0.1845933210407703,0.26968971085530796,0.004607543323139653,0.6335542183350792
0.4749082007343941,0.6439611981665069,0.02765826674861708,0.02049531482211904,0.0016411824668705402,0.2080298194752357
0.3525091799265605,0.8496961944355613,0.01659496004917025,0.09807184346155523,0.0290519877675841,0.20804809121251255
0.7552019583843329,0.5608144121095832,0.030116779348494153,0.011101282057187318,0.006850152905198777,0.28721343825370915
0.609547123623011,0.744163735209466,0.011473058799426339,0.11817305335640914,0.5107033639143731,0.2995651326528126
0.5544675642594858,0.3625413068969193,0.003687768899815605,0.38585248160446367,0.00011620795107033638,0.11731673447511387
0.42227662178702563,0.8454322566890524,0.3464454005326777,0.024838792337087474,9.520897043832822e-05,0.6351255877408823
0.4847001223990208,0.7782752371815372,0.050399508297480015,0.03938439145698176,3.7104994903160035e-05,0.6037408336784662
0.671970624235006,0.6834026223217141,0.017619340299119025,0.4898939197537075,0.02385321100917431,0.4396667235120715
0.5373317013463891,0.5757381942223644,0.08338455234583075,0.31615481915497023,0.0038124362895005093,0.14728238360903356
0.7466340269277845,0.47766762605265967,0.013521819299323903,0.3373671512048161,0.049847094801223235,0.2570894340633907
0.8567931456548348,0.7015243577443769,0.02417537389879123,0.11514272020643117,0.11009174311926605,0.3726520817599337
0.8188494492044064,0.3827950111928366,0.027453390698627324,0.15251682905615951,0.16819571865443425,0.439490096718396
0.6548347613219094,0.5288348790107665,0.19278836304036054,0.03261664742203095,0.00010703363914373089,0.5127354008819158
0.5152998776009792,0.77720925274491,0.7131735300143413,0.2171639362556897,0.0003129459734964322,0.20800545715886665
0.6254589963280294,0.6706108090821875,0.31981151403400937,0.08241512218666902,0.0003700305810397553,0.3233488440080883
0.6597307221542228,0.47660164161603247,0.048145871747592696,0.12928427490632838,0.0002517838939857288,0.4031476112748801
0.3880048959608323,0.7931990192943184,0.5615652530219217,0.44544903355403054,3.4148827726809377e-06,0.5739213584427607
0.4847001223990208,0.5448246455601748,0.21122720753943858,0.020394303717119776,5.63710499490316e-05,0.41589519331498037
0.6511627906976745,0.497921330348577,0.031755787748412194,0.0011516882147596297,0.04475025484199796,0.23300728433259432
0.21052631578947364,0.7121842021106493,0.020282728948985855,0.00606082791772395,0.03435270132517839,0.6959582917143761
0.43329253365973064,0.5544185054898199,0.02069248104896538,0.013828581892167497,3.312945973496432e-06,0.17849660145686652
0.37454100367197063,0.26766869203709626,0.013726695349313651,0.6313094667526797,0.0013863404689092762,0.39228810875338027
0.5214198286413707,0.5704082720392283,0.014136447449293175,0.01564678178215428,2.089704383282365e-05,0.15983506711818163
0.5777233782129743,0.6141136339409445,0.1051014136447449,0.036152036097005256,0.009153924566768603,0.4217116963480888
0.45899632802937573,0.6759407312653236,0.14136447449293174,0.003262820309244286,0.5147808358817533,0.5128876653592224
0.598531211750306,0.8528941477454429,0.05777504609711124,0.08736466633163305,0.0219164118246687,0.29961994786464297
0.45899632802937573,0.6514230892228974,0.018233968449088304,0.18079993845595396,0.6809378185524975,0.3911430798840354
0.6646266829865362,0.45741392175674234,0.10469166154476539,0.19292127105586587,0.7502548419979612,0.39100299656491344
0.6915544675642594,0.6631489180257969,0.03298504404835074,0.01857610382713299,0.015188583078491335,0.2996382196019197
0.33414932680538545,0.5384287389404115,0.02192173734890391,0.10100116550653394,0.10703363914373087,0.3302616512778035
0.9657282741738067,0.5544185054898199,0.054701905347264886,0.01716194835714327,0.003598369011213048,0.43980680683119355
0.858017135862913,0.31883594499520307,0.19278836304036054,0.030899458637043426,0.0001834862385321101,0.317629790240456
0.41860465116279066,0.6087837117578084,0.28498258553575084,0.1414056075062403,0.0,0.2682473749604113
0.5569155446756425,0.3220338983050848,0.030936283548453174,0.509086029703568,0.0007777777777777777,0.15770945501498285
0.5361077111383108,0.8251785523931351,0.11411595984429418,0.06746547864677767,0.0007543323139653414,0.3730175165054693
0.5128518971848225,0.658884980279288,0.048145871747592696,0.5979758021029219,0.00018756371049949032,0.14102126830219014
0.449204406364749,0.4989873147852042,0.03073140749846342,0.0020001814967534628,0.3109072375127421,0.5123090603454576
0.5752753977968176,0.6546210425327791,0.030936283548453174,0.4919141418536928,0.002405708460754332,0.32180792749774645
0.6303549571603427,0.7974629570408273,0.06187256709690637,0.03403080289202067,0.9051987767584098,0.40240456062562435
0.8384332925336597,0.6727427779554419,0.3566892030321655,0.03211159189703462,0.8287461773700304,0.5251053670182961
0.7405140758873928,0.7782752371815372,0.04712149149764391,0.044535957811944325,0.09704383282364934,0.3602699344653689
0.624235006119951,0.6610169491525425,0.030526531448473664,0.1797898274059613,0.21916411824668702,0.23589421882232564
0.5556915544675641,0.8827417119710053,0.11206719934439663,0.0593845902468364,0.13047910295616716,0.5735254708017637
0.6070991432068543,0.9605585758447927,0.023355869698832195,0.024636770127088946,0.01671763506625892,0.5250566423855579
0.6940024479804161,0.7121842021106493,0.06043843474697807,0.10403149865651191,0.8552497451580019,0.3603734743099374
0.6854345165238677,0.526702910137512,0.1743495185412825,0.013222515262171903,0.031090723751274207,0.14739810461178654
0.7833537331701346,0.6450271826031341,0.05408727719729562,0.015343748467156484,0.7247706422018347,0.24507272151436155
0.5079559363525092,0.5682763031659738,0.006760909649661945,0.015040715152158686,0.8766564729867481,0.45192705922479104
0.6046511627906976,0.8934015563372776,0.09895513214505222,0.0009203727843113109,0.7013251783893985,0.6223901868589664
0.6952264381884944,0.8934015563372776,0.03339479614833025,0.32928626280487483,0.9153924566768603,0.31560162740273345
0.7343941248470012,0.6173115872508261,0.02540463019872976,0.4919141418536928,0.4933741080530071,0.25730869491071207
0.25091799265605874,0.6961944355612408,0.03298504404835074,0.1605977174561008,0.0035372069317023444,0.39032694228567255
0.4651162790697674,0.839036350069289,0.7377586560131121,0.0025557425742494255,8.970438328236494e-06,0.45195751212025226
0.6193390452876376,0.47873361048928686,0.19893464454005322,0.048980446431912024,1.5392456676860344e-05,0.12575827709698634
0.7135862913096694,0.7356358597164482,0.1620569555418971,0.06463716770679823,0.5779816513761467,0.4034338684922162
0.7001223990208078,0.6322353693636074,0.35464044253226795,0.0730210894217373,0.0,0.14706921334080447
0.44186046511627897,0.46487581281313295,0.10264290104486781,0.4717119208538397,0.7492354740061161,0.3017821034423953
0.255813953488372,0.9413708559855027,0.06084818684695758,0.00032844770901561287,0.817533129459735,0.7194496552732232
0.8604651162790697,0.8433002878157979,0.4919073960254046,0.37272103795455913,0.6146788990825688,0.3773966428728043
0.30110159118727053,0.7057882954908858,0.7316123745134193,0.26564926665533733,0.0,0.2071040514532122
0.5495716034271725,0.7047223110542586,0.15099364884245028,0.03342473626202507,0.00041896024464831806,0.2205703218261993
0.3794369645042839,0.9019294318302954,0.03196066379840196,0.027970136592064716,0.06279306829765545,0.4396179988793335
0.7184822521419828,0.668478840208933,0.4488834255275557,0.35251881695470594,0.18960244648318042,0.4153104977221235
0.7478580171358629,0.2729986142202324,0.041589838147920506,0.4030243694543389,6.309887869520897e-05,0.3240127171291446
0.449204406364749,0.8230465835198806,0.058799426347060015,0.024838792337087474,0.045973496432212026,0.17777791312397984
0.6780905752753977,0.6578189958426608,0.018233968449088304,0.038576302616987634,0.021406727828746176,0.4030988866421419
0.7613219094247246,0.744163735209466,0.04958000409752098,0.0018486648392545641,0.5524974515800204,0.4093417302117085
0.5373317013463891,0.5554844899264471,0.47756607252612165,0.2787807103052419,8.277268093781854e-05,0.17050576168782128
0.44186046511627897,0.6354333226734891,0.04794099569760294,0.009060857736202148,0.3843017329255861,0.2691609618242502
0.23867809057527542,0.2964502718260314,0.014546199549272686,0.47676247610380296,0.41794087665647295,0.11734718737057515
0.6695226438188495,0.6951284511246136,0.04753124359762343,0.031202491952041226,0.0015392456676860346,0.5621299973201452
0.5764993880048959,0.6173115872508261,0.03482892849825855,0.011000270952188052,0.602446483180428,0.6469717640753282
0.6401468788249693,0.8401023345059162,0.04384347469780781,0.005384053514228869,0.3486238532110092,0.3180439496187297
0.5875152998776009,0.8209146146466262,0.0467117393976644,0.00025369949131615613,0.7624872579001019,0.2693680415133871
0.4883720930232558,0.6290374160537257,0.04958000409752098,0.0018688670602544175,9.765545361875637e-05,0.4824652227933832
0.5471236230110158,0.7473616885193477,0.0784675271460766,0.308073930755029,0.027930682976554533,0.6103917460472141
0.5703794369645042,0.32949578936147533,0.04015570579799219,0.7828261242515785,0.09245667686034659,0.2693375886179258
0.44553243574051404,0.8518281633088157,0.1378815816431059,0.07039480069175638,0.40468909276248727,0.1842887421736059
0.5030599755201959,0.839036350069289,0.06945298094652733,0.024333736812091146,0.003985728848114169,0.5248434721173288
0.4026927784577723,0.8155846924634901,0.02315099364884244,5.258638126261781e-05,0.9235474006116208,0.671084366701586
0.5618115055079559,0.5341648011939026,0.017619340299119025,0.4525198109039792,0.9225280326197757,0.3911491704631277
0.4614443084455324,0.6482251359130158,0.015570579799221461,2.4404282967822634e-05,0.2568807339449541,0.2083221672716642
0.8017135862913096,0.7004583733077497,0.0532677729973366,0.011000270952188052,0.7003058103975536,0.2721818890540113
0.8102815177478581,0.77720925274491,0.026429010448678535,0.007565893382213012,0.8409785932721712,0.42160815650352035
0.5605875152998775,0.5203070035177487,0.030526531448473664,0.429287256754148,0.054026503567787966,0.14717884376446516
0.36842105263157887,0.7473616885193477,0.04118008604794098,0.07079884511175344,0.0,0.48244695105610635
0.1664626682986536,0.7931990192943184,0.06965785699651708,0.002949685883746562,0.0,0.8753562988768973
0.4871481028151775,0.5800021319688733,0.04322884654783855,0.0025961470162491314,0.5749235474006116,0.3164238555801886
0.6731946144430844,0.7324379064065665,0.07191149354640441,0.012818470842174837,0.9225280326197757,0.4214924355007674
0.4773561811505508,0.46274384393987855,0.012702315099364876,0.03928338035198249,0.8715596330275228,0.20821862742709574
0.5116279069767442,1.0,0.35259168203237035,0.0021617992647522885,0.6636085626911314,0.48197797646600227
0.09547123623011014,0.43929218633407957,0.01966810079901659,0.03382878068202214,0.9806320081549439,0.508666894048286
0.5483476132190942,0.8017268947873362,0.21327596803933618,0.3171649302049629,0.7828746177370031,0.7201622530270178
0.6805385556915543,0.8347724123227801,0.0616676910469166,0.005919412370724979,0.8419979612640162,0.4397763539357321
0.5777233782129743,0.5117791280247309,0.0383118213480844,0.18888082685589525,0.5871559633027522,0.2813116671133091
0.6144430844553244,0.6354333226734891,0.08481868469575904,0.017060937252144002,0.728848114169215,0.40906156357346446
0.6780905752753977,0.45954589062999684,0.02458512599877074,0.00018804227306663332,0.5677879714576962,0.24499963456525442
0.18604651162790695,0.6770067157019508,0.03995082974800245,0.05120269074189587,0.0003404689092762487,0.6348941457353764
0.9375764993880049,0.5608144121095832,0.07969678344601513,0.011606337582183648,0.8837920489296636,0.3554096523497454
0.6364749082007344,0.872081867604733,0.03954107764802294,0.003747673613240763,0.05331294597349643,0.236911345530733
0.5997552019583843,0.5576164587997016,0.0364679368981766,0.003141606983245167,0.0800203873598369,0.5250870952810193
0.4724602203182374,0.9424368404221299,0.48985863552550707,0.3191851523049482,0.00039143730886850153,0.1553219480108169
0.6952264381884944,0.47340368830615076,0.05265314484736732,0.08241512218666902,0.00011111111111111112,0.44528832801422746
0.5654834761321909,0.5245709412642576,0.12149149764392539,0.11716294230641648,0.03404689092762487,0.5115051039052793
0.5458996328029375,0.7025903421810041,0.3157139930342142,0.013828581892167497,9.949031600407747e-06,0.31733135186493533
0.4663402692778458,0.4893934548555592,0.11555009219422246,0.02988934758705077,0.31294597349643216,0.4238494896094721
0.8384332925336597,0.43396226415094347,0.06965785699651708,0.012616448632176307,0.8093781855249745,0.42169951518990423
0.26438188494492043,0.5096471591514764,0.03851669739807415,0.32019526335494086,0.8287461773700304,0.1663032621141618
0.9645042839657283,0.42969832640443456,0.09916000819504198,0.4242367015041847,4.770642201834862e-05,0.340999342217458
0.7233782129742962,0.5256369257008848,0.05818479819709075,0.3151447081049776,0.0034148827726809376,0.451318001315565
0.7637698898408812,0.6695448246455603,0.16000819504199953,0.0031113036517453874,0.031192660550458714,0.5151716325188199
0.7454100367197062,0.4925914081654408,0.25015365703749226,0.24241671250550614,6.4118246687054026e-06,0.20116573683825856
0.7478580171358629,0.6279714316170985,0.8729768490063511,0.1434258296062256,1.1111111111111112e-05,0.16553584914853703
0.5287637698898408,0.5235049568276304,0.009834050399508291,0.09635465467656772,0.0,0.16786245036178038
0.5299877600979191,0.6162456028141989,0.16615447654169224,0.19090104895588056,2.354740061162079e-05,0.13229955904207374
0.4614443084455324,0.6663468713356786,0.10387215734480637,0.032717658527030215,3.4352701325178385e-05,0.7197541842278363
0.5544675642594858,0.658884980279288,0.3853718500307313,0.05948560135183567,0.0,0.13284771116037708
0.5226438188494491,0.9179191983797037,0.10182339684490879,0.09433443257658239,0.00012640163098878696,0.22868297317708963
0.6328029375764994,0.7004583733077497,0.06965785699651708,0.002272911480251481,0.6422018348623852,0.1504129412624552
0.6621787025703795,0.829442490139644,0.4591272280270436,0.17877971635596865,8.409785932721712e-05,0.07435988013740347
0.7025703794369644,0.9093913228866859,0.4529809465273508,0.09302128821159193,0.0015188583078491334,0.37954052671327987
0.6597307221542228,0.6503571047862702,0.10940381069452976,0.15251682905615951,0.0,0.2086084244890004
0.4504283965728274,0.7580215328856199,0.5718090555214095,0.06332402334180778,0.0,0.6443040904329184
0.5875152998776009,0.5565504743630743,0.04917025199754147,0.5747432479530907,0.0,0.2693254074597412
0.7539779681762545,0.6631489180257969,0.14751075599262442,0.01857610382713299,0.0,0.3422418203522791
0.616891064871481,0.45528195288348794,0.31366523253431666,0.1706988279560274,0.0,0.14694131117986703
0.7686658506731946,0.6631489180257969,0.025609506248719514,0.6080769126028485,0.054026503567787966,0.1837832241089482
0.5238678090575274,0.5480225988700564,0.7070272485146486,0.12322360860637242,0.1001019367991845,0.7565900065778255
0.6291309669522643,0.5011192836584586,0.29522638803523865,0.07423322268172848,0.0,0.45221940702121954
0.7380660954712361,0.872081867604733,0.3853718500307313,0.060091667981831264,0.0,0.2635759007966477
0.8017135862913096,0.6620829335891697,0.30956771153452156,0.21211338100572638,8.878695208970438e-05,0.4827210271152581
0.6560587515299877,0.7452297196460932,0.12415488629379223,0.38383225950447836,0.0,0.20243866786854092
0.6230110159118727,0.6620829335891697,0.08789182544560539,0.02231351471210583,0.7573904179408766,0.17170560576899652
0.6621787025703795,0.7665494083786377,0.2706412620364679,0.44746925565401585,0.0021202854230377164,0.23278802348527294
0.518971848225214,0.6610169491525425,0.9733661135013316,0.29999304235508767,0.0,0.38027139620435113
0.7282741738066095,0.8752798209146148,0.45093218602745333,0.16160782850609345,4.943934760448521e-05,0.5730321338952907
0.7772337821297429,0.781473190491419,0.03995082974800245,0.38888281475444164,0.8399592252803261,0.20900431212999737
0.4761321909424724,0.4872614859823047,0.4345421020282728,0.6686835756024081,0.5076452599388379,0.7562611153068435
0.7760097919216646,0.7452297196460932,0.4468346650276582,0.25655826720540337,0.0,0.20841961653714036
0.8078335373317014,0.8123867391536084,0.1149354640442532,0.4828231424037589,1.3047910295616716e-05,0.28418642044485587
0.6927784577723377,0.6322353693636074,0.17025199754148737,0.05211179068688926,0.0019062181447502546,0.1652922259848466
0.5495716034271725,0.7857371282379279,0.30751895103462396,0.2090830478557484,0.0,0.23229468657879992
0.3268053855569155,0.6386312759833707,0.4468346650276582,0.8575743419510352,0.0,0.6098740468243721
0.405140758873929,0.6897985289414774,0.4529809465273508,0.36666037165460313,0.00024668705402650353,0.6962201866153435
0.7123623011015912,0.5394947233770387,0.5820528580208973,0.046455168806930375,0.0009490316004077471,0.24202134138913933
0.6376988984088127,0.621575524997335,0.083179676295841,0.20605271470577044,0.0011620795107033638,0.26901478792603595
0.682986536107711,0.8283765057030168,0.21122720753943858,0.004646672447734229,0.11926605504587155,0.39099690598582115
0.7099143206854345,0.5789361475322461,0.15099364884245028,0.06786952306677473,4.821610601427115e-05,0.33618169415548027
0.6230110159118727,0.7686813772518922,0.6742470805162876,0.02443474791709041,0.0,0.1469534923380515
0.5055079559363526,0.550154567743311,0.30956771153452156,0.03978843587697883,3.0682976554536187e-06,0.4178929032572417
0.872705018359853,0.5235049568276304,0.5861503790206924,0.3222154854549262,0.0,0.26897215387239015
0.7062423500611994,0.6663468713356786,0.4038106945298094,0.1313044970063137,0.0,0.5616853850464102
0.762545899632803,0.8134527235902356,0.50419995902479,0.058172456986845214,0.0,0.5987039247691671
0.45532435740514077,0.5139110968979853,0.5841016185207949,0.053727968366877515,0.0,0.326783930616123
0.6009791921664627,0.7228440464769215,0.4345421020282728,0.018172059407135926,2.5484199796126402e-05,0.6341754574024897
0.8298653610771112,0.5704082720392283,0.07928703134603562,0.00579819904472586,2.2731906218144748e-05,0.36064145978999684
0.7123623011015912,0.7665494083786377,0.7500512190124974,0.010899259847188788,0.0,0.33653494774283144
0.6682986536107711,0.6940624666879863,0.7357098955132144,0.1414056075062403,3.4046890927624866e-05,0.40985942943455056
0.5275397796817625,0.6706108090821875,0.25425117803728736,0.33332670700484546,2.966360856269113e-06,0.4477915560211464
0.5740514075887392,0.7921330348576912,0.13993034214300346,0.2828211545052125,0.0,0.43498306819012345
0.42227662178702563,0.5586824432363288,0.35873796353206305,0.08473837760165213,0.0019673802242609582,0.05884717518941707
0.4247246022031823,0.7292399530966849,0.15591067404220443,0.014535659627162358,0.001345565749235474,0.2808670548395742
0.598531211750306,0.7409657818995843,0.5185412825240729,0.04584910217693478,0.0,0.17395302945404056
0.6181150550795593,0.7665494083786377,0.6045892235197705,0.10807194285648256,0.0,0.39121007625405024
0.7086903304773561,0.6919304978147319,0.42839582052858016,0.07534434483672041,0.0,0.4209625551197408
0.7246022031823744,0.7089862488007675,0.34234787953288254,0.11514272020643117,4.8114169215086645e-05,0.26922795819426515
0.5446756425948591,0.6652808868990514,0.5451751690227412,0.4575703661539425,0.0,0.21307281896362706
0.7613219094247246,0.47979959492591406,0.08850645359557466,0.24443693460549146,5.025484199796127e-06,0.4525300265549249
0.671970624235006,0.6642149024624241,0.35464044253226795,0.3828221484544857,0.0,0.38986405827466075
0.7490820073439411,0.48299754823579577,0.46937103052653134,0.5403994722533404,2.599388379204893e-06,0.22027797402977078
0.620563035495716,0.8411683189425435,0.1098135627945093,0.0007425932395126029,0.0008440366972477063,0.23864106999293488
0.5434516523867808,0.3540134314039015,0.08932595779553368,0.7272700165019822,0.2935779816513761,0.23252612858430577
0.5581395348837208,0.8550261166186974,0.8996107355050195,0.017060937252144002,0.0,0.39266572465710037
0.5507955936352509,0.6599509647159152,0.09567711534521611,0.04887943532691275,0.0,0.5736046483299632
0.6940024479804161,0.6183775716874534,0.11268182749436587,0.10403149865651191,1.1111111111111112e-05,0.25115721002752944
0.4724602203182374,0.8635539921117152,0.1364474492931776,0.014535659627162358,0.06085626911314985,0.20859624333081594
0.7747858017135862,0.8177166613367445,0.19278836304036054,0.43029736780414063,0.0,0.22649036470387607
0.6952264381884944,0.6556870269694063,0.03667281294816634,0.2555481561554107,0.0007054026503567788,0.36655541208858133
0.3402692778457772,0.3923888711224816,0.03585330874820732,0.5939353579029513,6.513761467889907e-05,0.17230857309913028
0.6621787025703795,0.34122161816437485,0.03954107764802294,0.6464611325025695,0.0,0.2196871878578216
0.6658506731946144,0.6045197740112995,0.030116779348494153,0.07231401168674244,0.0,0.42172996808536556
0.3390452876376988,0.8230465835198806,0.16615447654169224,0.00023147704821631766,0.05555555555555555,0.6219516651643238
0.5948592411260709,0.7985289414774546,0.026838762548658045,0.006990130083717197,1.8960244648318044e-05,0.26929495456428
0.5532435740514074,0.6237074938705895,0.15427166564228637,0.5676724706031422,0.0,0.632798986527639
0.7760097919216646,0.7590875173222471,0.05716041794714196,0.15756738430612283,0.0,0.3848880551562842
0.7576499388004896,0.8496961944355613,0.01598033189920097,0.0009829996694108555,1.5392456676860344e-05,0.4033790532803859
0.609547123623011,0.7313719219699393,0.010858430649457074,0.11817305335640914,0.00039143730886850153,0.2510414890247765
0.7588739290085679,0.45528195288348794,0.046506863347674655,0.5616118043031862,0.0,0.20773747167880718
0.5018359853121175,0.5800021319688733,0.22556853103872154,0.1636280506060788,0.00490316004077472,0.6695556313494286
0.6597307221542228,0.5704082720392283,0.5164925220241754,0.14241571855623295,6.4729867482161055e-06,0.7929933978122639
0.45532435740514077,0.6503571047862702,0.04097520999795123,0.027768114382066184,0.0,0.7571259775379442
0.847001223990208,0.6471591514763885,0.06781397254660929,0.08473837760165213,0.0011620795107033638,0.2701780885326577
0.8200734394124847,0.7900010659844368,0.03359967219832002,0.03817225819699057,1.8042813455657492e-06,0.3669391185713937
0.9302325581395348,0.37106918238993714,0.20508092603974593,0.050596624111900274,0.0,0.48845226204107484
0.8102815177478581,0.583200085278755,0.15529604589223517,0.11312249810644585,0.0,0.45256047945038613
0.6878824969400243,0.7654834239420105,0.04978488014751075,0.12524383070635775,0.0,0.31761151850317926
0.5777233782129743,0.8401023345059162,0.055316533497234165,0.11312249810644585,0.0,0.4460679221380369
0.6217870257037943,0.5874640230252639,0.054906781397254655,0.08110197782167856,0.0,0.4282468877140838
0.7980416156670747,0.5970578829549089,0.0930137266953493,0.08130400003167709,3.9041794087665645e-06,0.3298414013204376
0.7649938800489595,0.4488860462637245,0.05634091374718294,0.2898919318551611,0.0,0.39094818135308307
0.5422276621787024,0.781473190491419,0.0200778528989961,0.0012021937672592625,0.01294597349643221,0.22032060808341658
0.598531211750306,0.9008634473936681,0.049989756197500505,0.042818769026956804,0.0,0.6464601554315783
0.7258261933904528,0.7015243577443769,0.010858430649457074,0.14645616275620357,0.11722731906218145,0.4395692742465953
0.6193390452876376,0.8219805990832534,0.031755787748412194,0.21514371415570435,0.0,0.43993470899213094
0.4002447980416156,0.7516256262658566,0.05695554189715222,0.0874656774366323,0.0,0.46404122103929635
0.613219094247246,0.7239100309135487,0.02048760499897561,0.030899458637043426,0.0,0.4095609910590299
0.6119951040391677,0.621575524997335,0.4140544970292972,0.2737301550552786,0.0,0.26939240382975616
0.6634026927784578,0.5629463809828377,0.39151813153042403,0.4545400330039645,0.0,0.2627902160937462
0.7135862913096694,0.6674128557723058,0.20712968653964348,0.06201087897681732,0.0,0.30578970448510245
0.9216646266829864,0.7388338130263299,0.06801884859659904,0.06483918991679676,0.0,0.27538553365654006
0.5605875152998775,0.5117791280247309,0.011473058799426339,0.06746547864677767,3.2823649337410804e-06,0.11669549540770335
0.6768665850673193,0.7196460931670398,0.10448678549477564,0.0036769658397412764,0.0,0.4027943576875289
0.43451652386780903,0.8976654940837865,0.04138496209793074,0.0045658635637348165,0.0006075433231396534,0.42772309791214946
0.6842105263157894,0.7100522332373947,0.18869084204056544,0.1313044970063137,0.0,0.2686676249177772
0.773561811505508,0.6375652915467435,0.013726695349313651,0.10807194285648256,1.1518858307849132e-06,0.4219492289326868
0.806609547123623,0.6631489180257969,0.15529604589223517,0.14544605170621092,2.1610601427115187e-06,0.42206494993543986
0.7674418604651162,0.5821341008421277,0.05757017004712147,0.136355052256277,0.0,0.39624089458425704
0.627906976744186,0.5362967700671571,0.018848596599057556,0.14443594065621826,4.719673802242609e-06,0.28788340195385775
0.423500611995104,0.602387805138045,0.009834050399508291,0.09635465467656772,3.292558613659531e-06,0.5007186883328866
0.5030599755201959,0.6226415094339623,0.008604794099569754,0.007192152293715728,0.0020693170234454637,0.4214254391307525
0.5838433292533659,0.621575524997335,0.01598033189920097,0.050293590796902474,1.4678899082568806e-05,0.2875727824201525
0.3782129742962056,0.5682763031659738,0.0059414054497029245,0.0514047129518944,8.91946992864424e-05,0.510561064145979
0.4993880048959608,0.5117791280247309,0.017209588199139515,0.1878707158059026,0.0002680937818552497,0.17800935512948568
0.8861689106487147,0.47233770386952356,0.026838762548658045,0.5969656910529293,0.00013557594291539244,0.44618973371988213
0.7833537331701346,0.7953309881675729,0.07662364269616881,0.04100056913697001,6.432212028542303e-05,0.14109435525129727
0.6646266829865362,0.6759407312653236,0.059823806597008804,0.25251782300543274,4.7502548419979616e-06,0.39099690598582115
0.43329253365973064,0.5650783498560921,0.0055316533497234074,0.10302138760651926,0.0,0.15970716495724419
0.6156670746634026,0.9125892761965676,0.07211636959639417,0.0001627894968168169,0.7716615698267074,0.4641569420420494
0.5336597307221541,0.27086664534697796,0.07498463429625074,0.9131304497006315,0.7920489296636085,0.4709479377299194
0.48347613219094243,0.5288348790107665,0.026838762548658045,0.5383792501533551,1.508664627930683e-06,0.3614210539138062
0.7931456548347613,0.6013218207014178,0.0200778528989961,0.002878978110247076,0.5596330275229358,0.38513167831997464
0.215422276621787,0.5576164587997016,0.03892644949805366,0.021404414767112436,0.5535168195718655,0.847437084317977
0.37454100367197063,0.19944568809295388,0.01577545584921123,0.556561249053223,4.1794087665647296e-06,0.8143347869515434
0.8164014687882497,0.7889350815478094,0.21327596803933618,0.03514192504701259,0.6452599388379204,0.464406655784832
0.35862913096695226,0.41797249760153504,0.027248514648637555,0.013121504157172635,0.8725790010193679,0.4397824445148244
0.6878824969400243,0.6567530114060336,0.3894693710305265,0.5232275844034652,0.0,0.36701829609959313
0.0024479804161566254,0.06513164907792346,0.03605818479819709,0.8676754524509618,0.8542303771661569,0.26050624893414864
0.5128518971848225,0.5309668478840209,0.012702315099364876,0.3515087059047133,0.17227319062181448,0.39091772845762174
0.5691554467564258,0.6716767935188147,0.012497439049375121,0.4575703661539425,0.032008154943934754,0.28767632226472095
0.5104039167686658,0.9221831361262126,0.1061257938946937,0.0011819915462594095,0.009317023445463812,0.6224389114917046
0.5165238678090576,0.5906619763351455,0.15570579799221468,0.02645497001707573,0.0127420998980632,0.251053670182961
0.24724602203182375,0.25807483210745125,0.0383118213480844,0.5979758021029219,0.6870540265035678,0.17182132677174944
0.6217870257037943,0.33375972710798424,0.056545789797172695,0.5020152523536193,0.9622833843017328,0.3914293371013716
0.6462668298653611,0.7590875173222471,0.050809260397459526,0.02524283675708454,0.0,0.30594805954150117
0.49326805385556916,0.8411683189425435,0.04794099569760294,0.005070919088731145,0.005045871559633028,0.23315954880990086
0.5887392900856793,0.8752798209146148,0.026633886498668304,0.04100056913697001,9.276248725790009e-06,0.2567605427924087
0.2900856793145654,0.5362967700671571,0.019053472649047325,0.1343348301562917,1.600407747196738e-06,0.055710526956903095
0.1383108935128519,0.3199019294318303,0.02417537389879123,0.8919181176507857,0.001946992864424057,0.5248069286427753
0.5238678090575274,0.43822620189745237,0.4878098750256094,0.5585814711532083,0.0011620795107033638,0.620526469656735
0.7600979192166463,0.5043172369683403,0.1444376152427781,0.4444389225040379,6.8297655453618754e-06,0.15267254610568376
0.7294981640146878,0.46913975055964185,0.4386396230280679,0.4393883672540746,2.354740061162079e-05,0.12630033863619755
0.4749082007343941,0.5842660697153822,0.03380454824830976,0.01786902609213813,0.43221202854230373,0.1352534899018199
0.6817625458996327,0.6428952137298796,0.2583486990370825,0.06322301223680851,0.7889908256880733,0.18981898798937802
0.6695226438188495,0.7281739686600576,0.4099569760295021,0.2504976009054474,0.0,0.16818525105367021
0.449204406364749,0.6205095405607078,0.01966810079901659,0.006717400100219179,0.00041488277268093783,0.36068409384364264
0.5924112607099142,0.1887858437266816,0.04527760704773611,0.3575693722046692,0.4791029561671763,0.4523229468657879
0.6034271725826192,0.7750772838716555,0.12579389469371027,0.002373922585250747,0.03007135575942915,0.2448778229834092
0.93390452876377,0.5085811747148492,0.07867240319606636,0.10605172075649723,0.002599388379204893,0.27513581991375746
0.8629130966952263,0.5661443342927194,0.10940381069452976,0.11514272020643117,0.00054638124362895,0.5733549345871806
0.47001223990208074,0.3881249333759727,0.08645769309567711,0.6969666850022025,0.24159021406727826,0.3477111603771287
0.7258261933904528,0.3305617737981026,0.060233558696988314,0.5070658076035827,0.005208970438328236,0.610062854776232
0.8702570379436965,0.6514230892228974,0.060028682646998545,0.01685891504214547,0.37003058103975534,0.3179343191950691
0.5042839657282742,0.3017801940091675,0.09731612374513418,0.6100971347028338,0.0,0.2055022291519477
0.7405140758873928,0.6258394627438439,0.36488424503175576,0.07999085566668665,0.00021814475025484198,0.20855360927717004
0.3635250917992655,0.7505596418292293,0.704978488014751,0.06534424544179308,0.0,0.2261797451701707
0.43084455324357396,0.9371069182389938,0.030116779348494153,3.814179324772279e-05,0.0005035677879714576,0.512765853777377
0.42227662178702563,0.9498987314785204,0.019463224749026835,4.0364037557706635e-05,0.5769622833843017,0.5126440421955321
0.47858017135862907,0.9008634473936681,0.04097520999795123,0.0016365415187561058,0.04536187563710499,0.5122968791872731
0.7258261933904528,0.32842980492484813,0.03298504404835074,0.15857749535611548,0.7696228338430173,0.4516834360611006
0.43206854345165235,0.5959918985182817,0.01598033189920097,0.8626248972009984,0.9051987767584098,0.5007369600701634
0.6976744186046511,0.6961944355612408,0.054701905347264886,0.38383225950447836,0.027726809378185523,0.2021158671766512
0.631578947368421,0.8880716341541414,0.10264290104486781,0.28888182080516844,0.004301732925586136,0.6213913318878359
0.8421052631578947,0.9179191983797037,0.07641876664617903,0.03322271405202654,0.6513761467889908,0.36058664457816647
0.4002447980416156,0.6322353693636074,0.05736529399713173,0.0010405759992604372,0.024159021406727824,0.6350403196335906
0.7698898408812729,0.9296450271826032,0.055521409547223906,0.6020162463028925,0.015902140672782873,0.4152922259848466
0.8090575275397797,0.5810681164055005,0.06556033599672195,0.07534434483672041,0.3873598369011213,0.3910699929349283
0.9045287637698898,0.8496961944355613,0.32390903503380447,0.008515397769206111,0.3781855249745158,0.3970570321826199
0.7037943696450427,0.7036563266176314,0.03298504404835074,0.5656522485031569,0.9429153924566769,0.3456038200112066
0.38555691554467564,0.9594925914081655,0.031346035648432684,0.0038890891602397348,0.9520897043832823,0.5742928837673885
0.616891064871481,0.8251785523931351,0.06269207129686538,0.04231371350196047,0.9857288481141692,0.3601481228835237
0.8531211750305996,0.5085811747148492,0.08297480024585124,0.34544803960475734,0.9204892966360856,0.4217116963480888
0.7123623011015912,0.9872081867604733,0.07293587379635319,0.007848724476210957,0.9949031600407746,0.5735985577508709
0.7037943696450427,0.5970578829549089,0.056545789797172695,0.00037087237311530456,0.8807339449541284,0.39113089872585083
0.46878824969400246,0.8326404434495257,0.03400942429829953,0.003899190270739661,0.000345565749235474,0.3664823251394742
0.21419828641370867,0.8251785523931351,0.08297480024585124,0.0006173394693135132,0.0006819571865443424,0.5077106731308013
0.31089351285189715,0.9157872295064493,0.07785289899610734,0.0,0.0007115188583078491,0.659518357005384
0.3145654834761322,0.8496961944355613,0.12169637369391514,0.00013147605426704444,0.002966360856269113,0.2385131678319975
0.2913096695226438,0.9307110116192304,0.3300553165334972,0.023626659077096285,0.0006320081549439347,0.32110751090213663
0.6952264381884944,0.8273105212663895,0.009629174349518536,0.4171659241542361,0.00010601427115188582,0.22032060808341658
0.32558139534883723,0.866751945421597,0.07744314689612783,0.006525479000720574,0.672782874617737,0.540581528491729
0.14810281517747856,0.8603560388018335,0.1200573652939971,0.0024749336902500124,4.750254841997961e-05,0.7129814602772433
0.30966952264381886,0.8592900543652063,0.10038926449498053,0.0036163591767417167,0.0,0.7323251394742611
0.30844553243574047,0.9722844046476923,0.08297480024585124,6.20814251325488e-05,0.039449541284403665,0.6774002972202597
0.5667074663402693,0.7505596418292293,0.02274124154886293,0.15756738430612283,0.8827726809378185,0.36693302799230154
0.3170134638922889,0.6333013538002346,0.0215119852489244,0.0003425892637155101,2.1916411824668705e-05,0.3787792043267474
0.5373317013463891,0.5672103187293466,0.04077033394796147,0.08645556638663965,0.0,0.14737983287450973
0.6511627906976745,0.6290374160537257,0.045482483097725866,0.12827416385633572,0.0,0.4152617730893853
0.48347613219094243,0.7207120776036671,0.018643720549067815,0.013626559682168965,0.0,0.537304796940093
0.5630354957160342,0.8965995096471592,0.018438844499078046,0.08766769964663085,1.8654434250764526e-05,0.20832825785075637
0.40881272949816394,0.8433002878157979,0.5082974800245852,0.010293193217193191,0.10601427115188582,0.2551221770165908
0.2668298653610771,0.5299008634473937,0.0930137266953493,0.0007971392362122065,0.0051274209989806314,0.45636709138304865
0.6364749082007344,0.6247734783072167,0.028682646998565868,0.00043248914716485673,0.019469928644240568,0.3179343191950691
0.6523867809057528,0.7079202643641404,0.010653554599467319,0.08887983290662203,0.0026095820591233434,0.2565473725241796
0.847001223990208,0.40837863767189003,0.07477975824626101,0.48383325345375156,0.563710499490316,0.38525348990181985
0.5471236230110158,0.9232491205628399,0.07006760909649659,0.06423312328680117,0.0,0.4765999951275367
0.449204406364749,0.6535550580961519,0.048145871747592696,0.014535659627162358,0.0,0.43289399956147834
0.690330477356181,0.5959918985182817,0.03482892849825855,0.219184158355675,0.0,0.26918532414061924
0.44675642594859233,0.7015243577443769,0.01679983609915999,0.19191116000587322,0.000254841997961264,0.2079019173142983
0.3769889840881272,0.7804072060547916,0.07949190739602541,0.10706183180648988,0.00011009174311926605,0.4899383633395863
0.7784577723378213,0.7761432683082827,0.21327596803933618,0.06281896781681144,0.0,0.42113918191341626
0.6597307221542228,0.706854279927513,0.03441917639827904,0.0762534447817138,0.0,0.43628036153677496
0.6401468788249693,0.2602068009807057,0.011268182749436584,0.6868655745022759,0.008532110091743119,0.344135990449972
0.7943696450428397,0.6407632448566252,0.14361811104281907,0.518177029153502,0.00042303771661569823,0.2812751236387556
0.2949816401468788,0.3262978360515937,0.02581438229870927,0.5292882507034212,0.17227319062181448,0.4718249811192047
0.627906976744186,0.6716767935188147,0.015570579799221461,0.8090890115513877,0.345565749235474,0.48273929885253486
0.6291309669522643,0.11416693316277585,0.0518336406474083,0.5111062518035533,0.33027522935779813,0.13529003337637346
0.6915544675642594,0.37426713569981884,0.04077033394796147,0.17372916110600536,0.0020489296636085627,0.3604952858917826
0.2766217870257037,0.9712184202110649,0.241958615037902,0.0002658208239160681,0.012436289500509684,0.4952310765707604
0.1493268053855569,0.8166506769001173,0.2624462200368776,0.02201048139710803,0.9337410805300713,0.7785343630472383
0.1872705018359853,0.938172902675621,0.055521409547223906,0.01372757078716823,0.9235474006116208,0.7153933295977781
0.7417380660954712,0.5842660697153822,0.29522638803523865,0.011000270952188052,0.00019571865443425077,0.5736594635417936
0.6560587515299877,0.6940624666879863,0.012907191149354638,0.08776871075163012,0.0007003058103975535,0.2250956220917485
0.2656058751529987,0.678072700138578,0.02130710919893463,0.24241671250550614,0.8807339449541284,0.31781250761322377
0.204406364749082,0.8059908325338451,0.11206719934439663,0.03079844753204416,0.0,0.15534631032718588
0.1689106487148103,0.928579042745976,0.25425117803728736,0.004636571337234302,0.0,0.6135832094915584
0.6328029375764994,0.40837863767189003,0.06412620364679367,0.7464621264518427,0.0,0.488293906984676
0.3292533659730721,0.5778701630956188,0.014546199549272686,0.03231361410703315,0.039857288481141694,0.3312300533534728
0.405140758873929,0.9296450271826032,0.0710919893464454,0.0030304947677459748,0.0,0.6039296416303263
0.4724602203182374,0.7036563266176314,0.02397049784880146,0.016252848412149877,0.0,0.2996930348137501
0.7356181150550795,0.4989873147852042,0.08543331284572833,0.4545400330039645,2.0081549439347604e-06,0.2874448802592151
0.3806609547123623,0.9371069182389938,0.09834050399508296,0.0007577449052624929,0.004994903160040774,0.40903111067800324
0.7221542227662178,0.37426713569981884,0.09936488424503173,0.9020192281507122,0.9011213047910295,0.6475564596681852
0.6817625458996327,0.583200085278755,0.6824421225158778,0.23736615725554286,0.30173292558613657,0.5376519599483519
0.215422276621787,0.517109050207867,0.05244826879737758,0.08120298892667784,0.8868501529051988,0.22962701293638998
0.5801713586291309,0.7601535017588744,0.09916000819504198,0.06746547864677767,0.015698267074413862,0.4110653640948181
0.27539779681762544,0.7505596418292293,0.07641876664617903,0.6030263573528852,0.8725790010193679,0.3911491704631277
0.6915544675642594,0.47020573499626905,0.08051628764597418,0.01584880399215281,0.5667686034658512,1.0
0.7037943696450427,0.23249120562839787,0.2870313460356484,0.929292226500514,0.9439347604485219,0.549644310181012
0.3512851897184822,0.5874640230252639,0.01434132349928293,0.002616349237248985,0.0127420998980632,0.11727410042146813
0.6585067319461444,0.6738087623920692,0.44273714402786307,0.002626450347748911,0.0008053007135575942,0.40956708163812217
0.6682986536107711,0.7100522332373947,0.03933620159803317,0.006424467895721308,0.0007166156982670744,0.3607023655809194
0.34638922888616885,0.3444195714742565,0.08092603974595367,0.8959585618507563,0.8532110091743118,0.4505505883499402
0.30966952264381886,0.5714742564758555,0.08276992419586146,0.5585814711532083,0.013149847094801222,0.17517114527249245
0.3378212974296205,0.6002558362647906,0.04363859864781806,0.1242337196563651,0.0017431192660550456,0.4532913489414574
0.47858017135862907,0.6578189958426608,0.07027248514648637,0.15857749535611548,0.0009683995922528032,0.4496370014861012
0.046511627906976716,0.7857371282379279,0.12497439049375125,0.0013234070932583817,0.007879714576962283,0.7309973932321485
0.6805385556915543,0.6674128557723058,0.031141159598442943,0.44544903355403054,0.0,0.555430360318659
0.602203182374541,0.4286323419678073,0.054497029297275144,0.5151466960035239,2.7319062181447503e-06,0.20842570711623265
0.8225214198286414,0.47340368830615076,0.5595164925220241,0.2737301550552786,0.0,0.3299632129022827
0.41860465116279066,0.9861422023238461,0.836099160008195,0.0008981503412114723,1.875637104994903e-06,0.6041184495821862
0.6046511627906976,0.5821341008421277,0.045482483097725866,0.42726703465416266,0.0009959225280326198,0.23248958510975215
0.24112607099143205,0.7505596418292293,0.11841835689407904,0.19494149315585121,0.8786952089704383,0.7579542962944916
0.974296205630355,0.7878690971111822,0.43249334152837526,0.3585794832546619,0.006401630988786952,0.2814882939069846
0.4002447980416156,0.9754823579575739,0.18869084204056544,3.733370440772866e-05,0.0,0.45296854824956767
0.31334149326805383,0.9413708559855027,0.06207744314689611,6.29905250775422e-05,5.667686034658511e-06,0.6958547518698077
0.7380660954712361,0.4201044664747895,0.09096496619545172,0.003929493602239441,0.1202854230377166,0.4128986284015884
0.8102815177478581,0.5917279607717728,0.5431264085228437,0.2070628257557631,0.0007624872579001018,0.25040197822008914
1.0,0.46167785950325124,0.4529809465273508,0.0990819545115479,0.7502548419979612,0.391063902355836
0.5801713586291309,0.8592900543652063,0.013521819299323903,0.09029398837661175,0.72986748216106,0.3713913318878359
0.5201958384332924,0.7430977507728388,0.10858430649457074,0.6616127982524594,0.4403669724770642,0.7600738178185982
0.7882496940024479,0.5544185054898199,0.06842860069657855,0.07554636704671895,0.8593272171253822,0.24592540258727802
0.7380660954712361,0.7942650037309457,0.29932390903503375,0.033323725157025814,0.6462793068297655,0.15929300557897041
0.32068543451652387,0.4371602174608251,0.07232124564638392,0.5595915822032009,0.40672782874617736,0.16330669720076985
0.6891064871481027,0.8337064278861529,0.07457488219627123,0.014030604102166028,0.0,0.5978938777498964
0.6083231334149326,0.3646732757701738,0.5369801270231509,0.6111072457528265,0.3109072375127421,0.464175213779326
0.7429620563035495,0.47127171943289636,0.23990985453800445,0.39696370315438295,0.0,0.12304796940093066
0.8494492044063646,0.5746722097857372,0.5759065765212046,0.0558492015718621,0.0,0.29929714717275324
0.6119951040391677,0.42650037309455285,0.08072116369596391,0.05089965742689807,0.7828746177370031,0.5679038662996077
0.7172582619339044,0.4041146999253811,0.2276172915386191,0.7383812380519015,0.0,0.5373291592564622
0.24357405140758873,0.20584159471271724,0.27473878303626303,0.8010081231514464,0.8399592252803261,0.6943991034667576
0.6058751529987759,0.2644707387272146,0.009424298299528781,0.7141385728520776,0.8450560652395513,0.21712305405998
0.5728274173806609,0.23995309668478843,0.00880967014955951,0.6282791336027017,0.9133537206931702,0.43059176066460403
0.7062423500611994,0.8155846924634901,0.026224134398688793,0.027566092172067656,0.7155963302752293,0.5130033863619753
0.6156670746634026,0.19091781259993607,0.48985863552550707,0.5323185838533991,0.4026503567787971,0.5374387896801228
0.6499388004895961,0.6514230892228974,0.11268182749436587,0.6606026872024668,3.476044852191641e-06,0.732111969206032
0.8017135862913096,0.5565504743630743,0.048145871747592696,0.031606536372038294,0.008042813455657492,0.38483933052354624
0.806609547123623,0.5629463809828377,0.13357918459332102,0.47474225400381764,0.00018654434250764526,0.238969961263917
0.8433292533659729,0.40837863767189003,0.056545789797172695,0.036657091622001585,0.8980632008154943,0.292433064535776
0.4651162790697674,0.3593433535870377,0.03359967219832002,0.8383822320011747,0.027013251783893983,0.4708626696226277
0.48347613219094243,0.5608144121095832,0.09219422249539028,0.7717149027016592,0.19877675840978593,0.33976295466172923
0.8090575275397797,0.526702910137512,0.22147101003892644,0.2828211545052125,0.9469928644240571,0.2326418495870587
0.6144430844553244,0.15254237288135594,0.31366523253431666,0.9131304497006315,0.9918450560652394,0.26956294004433945
0.7760097919216646,0.3199019294318303,0.3894693710305265,0.10605172075649723,0.7553516819571865,0.15047993763247014
0.39412484700122397,0.4041146999253811,0.04179471419791025,0.5595915822032009,1.6819571865443424e-06,0.028260286988086858
0.6878824969400243,0.6013218207014178,0.6189305470190535,0.6929262408022319,0.0,0.1503094014178868
0.7992656058751529,0.47020573499626905,0.031346035648432684,0.4616108103539131,0.8511722731906217,0.45192705922479104
0.762545899632803,0.2793945208399958,0.19278836304036054,0.562621915353179,0.8899082568807339,0.5249591931200819
0.5581395348837208,0.42543438865792566,0.022946117598852685,0.432317589904126,0.8960244648318042,0.1538053938168441
0.7111383108935128,0.11843087090928475,0.15570579799221468,0.8040384563014243,0.6350662589194699,0.17817989134406909
0.41738066095471227,0.526702910137512,0.09916000819504198,0.05251583510688632,0.026809378185524972,0.7567179087387628
0.4357405140758873,0.17386206161390044,0.02397049784880146,0.8525237867010719,0.9612640163098878,0.17814334786951547
0.3549571603427172,0.7271079842234304,0.16000819504199953,0.3171649302049629,0.000291539245667686,0.4762162886447242
0.4736842105263158,0.8635539921117152,0.025199754148740004,0.028273169907062516,0.008154943934760447,0.13229955904207374
0.23867809057527542,0.8241125679565079,0.054701905347264886,0.005272941298729677,0.004373088685015291,0.739110044583039
0.7478580171358629,0.47873361048928686,0.0715017414464249,0.12322360860637242,0.011213047910295615,0.34219309571954093
0.7882496940024479,0.48406353267242297,0.03380454824830976,0.576763470053076,0.0,0.3918434964796452
0.93390452876377,0.5117791280247309,0.07252612169637368,0.12322360860637242,0.035168195718654434,0.25085877165200865
0.7784577723378213,0.6205095405607078,0.054292153247285375,0.011606337582183648,9.694189602446483e-06,0.4155541208858138
0.8555691554467564,0.5682763031659738,0.26449498053677517,0.4828231424037589,0.0028644240570846074,0.2071893195605038
0.6731946144430844,0.5000532992218314,0.6455644335177217,0.3272660407048895,0.0,0.26935586035520265
0.7086903304773561,0.569342287602601,0.43249334152837526,0.21817404730568235,0.0,0.18438619143908197
0.591187270501836,0.6194435561240806,1.0,0.1343348301562917,0.0,0.22644773065023027
0.7368421052631579,0.5341648011939026,0.8094652735095267,0.3929232589544123,0.0,0.17740638779935192
0.7454100367197062,0.839036350069289,0.42429829952878506,0.03675810272700085,0.0,0.19358296586839474
0.5091799265605875,0.5181750346444942,0.02929727514853512,0.06958671185176225,0.0,0.5368662752454503
0.7050183598531211,0.5107131435881037,0.2009834050399508,0.07100086732175198,0.0,0.09861256608278318
0.7662178702570379,0.7335038908431938,0.11636959639418148,0.019485203772126383,0.07991845056065239,0.378864472434039
0.6927784577723377,0.8230465835198806,0.09321860274533905,0.3585794832546619,0.00013557594291539244,0.23861061709747367
0.6462668298653611,0.8571580854919518,0.04384347469780781,0.0845363553916536,0.0454638124362895,0.1413318878358954
0.858017135862913,0.9019294318302954,0.16410571604179466,0.2737301550552786,0.015392456676860346,0.25944648817209537
0.6695226438188495,0.7900010659844368,0.29112886703544355,0.06089975682182539,0.0,0.3120934538455916
0.9216646266829864,0.8347724123227801,0.30751895103462396,0.08221309997667049,0.18960244648318042,0.2692096864569884
0.7649938800489595,0.5224389723910031,0.7500512190124974,0.2808009324052272,1.906218144750255e-05,0.7073720369332714
0.7197062423500611,0.8315744590128984,0.49805367752509727,0.3302963738548675,0.0,0.23904304821302413
0.7356181150550795,0.6759407312653236,0.37307928703134596,0.03645506941200305,0.199796126401631,0.5731600360562281
0.6450428396572827,0.8443662722524251,0.02479000204876048,0.2171639362556897,0.9622833843017328,0.4213828050771068
0.5177478580171357,0.9467007781686388,0.014546199549272686,0.01180835979218218,0.928644240570846,0.48233732063244583
0.6621787025703795,0.9136552606331948,0.6742470805162876,0.0013537104247581615,2.3751274209989804e-05,0.3301337491168661
0.5275397796817625,0.6002558362647906,0.027248514648637555,0.018980148247130055,0.6687054026503567,0.6198930494311399
0.48102815177478575,0.5437586611235476,0.028682646998565868,0.0685766008017696,0.3588175331294597,0.14113089872585083
0.7062423500611994,0.8475642255623068,0.06474083179676296,0.014131615207165295,0.8939857288481141,0.4823555923697225
0.3059975520195838,0.9520307003517748,0.2870313460356484,0.0011314859937597765,8.56269113149847e-05,0.5764489487660487
0.3867809057527539,0.829442490139644,0.11473058799426344,6.703096927751283e-05,0.8216106014271152,0.6348576022608229
0.5520195838433292,0.957360622534911,0.09157959434542098,0.013323526367171167,0.019673802242609582,0.11704874899505446
0.46756425948592406,0.9594925914081655,0.21532472853923373,0.0004163273703649742,0.584097859327217,0.433612687894365
0.5201958384332924,0.9243151049994671,0.1350133169432493,0.012919481947174105,0.0,0.22244012960752313
0.4908200734394125,0.8848736808442598,0.1364474492931776,0.0010910815517600702,0.029153924566768602,0.3300423904304821
0.47123623011015914,0.9594925914081655,0.030526531448473664,0.012414426422177775,0.8603465851172273,0.5736168294881477
0.7503059975520195,0.6748747468286964,0.08420405654578977,0.4595905882539278,0.9164118246687054,0.6834908763125198
0.34638922888616885,0.7420317663362116,0.11636959639418148,0.006101232359723657,0.8511722731906217,0.29387653178064166
0.7809057527539779,0.829442490139644,0.10919893464454003,0.10019307666653982,0.5912334352701324,0.4383511584281433
0.7613219094247246,0.7612194861955016,0.02130710919893463,0.007828522255211105,7.115188583078492e-05,0.4519087874875143
0.4871481028151775,0.3049781473190492,0.0061462814996926796,0.001363811535258088,0.5158002038735984,0.4527371062440617
0.5079559363525092,0.6471591514763885,0.010858430649457074,0.1605977174561008,0.8807339449541284,0.3301276585377738
0.6952264381884944,0.8209146146466262,0.017619340299119025,0.037263158251997185,0.6411824668705403,0.36662849903768846
0.7221542227662178,0.4360942330241979,0.0284777709485761,0.5323185838533991,0.856269113149847,0.5371708042000634
0.5544675642594858,0.4872614859823047,0.07928703134603562,0.10807194285648256,0.910295616717635,0.8175079786586108
0.6034271725826192,0.9029954162669226,0.4099569760295021,0.017970037197137394,0.0,0.45158598679562456
0.30966952264381886,0.45741392175674234,0.006965785699651707,0.7656542364017033,0.7441386340468908,0.2598180134967233
0.7882496940024479,0.48406353267242297,0.03359967219832002,0.576763470053076,0.0,0.3918556776378298
0.3512851897184822,0.1589382795011193,0.01598033189920097,0.7525227927517987,0.26809378185524974,0.30096596584403246
0.5605875152998775,0.11096897985289417,0.026838762548658045,0.5909050247529734,0.027115188583078487,0.3804053889443808
0.48102815177478575,0.3454855559108837,0.03155091169842245,0.030495414217046365,0.2528032619775739,0.665115599191171
0.4283965728274173,0.7164481398571582,0.026019258348699024,0.00984874435519642,0.004689092762487257,0.4263953516700367
0.26193390452876375,0.5640123654194649,0.012907191149354638,0.20504260365577778,0.6676860346585117,0.7074694861987478
0.3867809057527539,0.7718793305617738,0.022331489448883406,0.04271775792195753,0.009938837920489297,0.721477818110946
0.2570379436964504,0.8273105212663895,0.0350338045482483,0.00020925460511647917,0.00016411824668705402,0.3022876215070529
0.4406364749082007,0.2836584585865047,0.0,0.40605470260431686,0.0,0.2475698589421882
0.6744186046511627,0.526702910137512,0.004917025199754142,0.7030273513021584,0.4230377166156982,0.23901868589665498
0.5055079559363526,0.5586824432363288,0.013316943249334148,0.19292127105586587,0.006768603465851172,0.3290374448802592
0.6646266829865362,0.5778701630956188,0.022126613398893664,0.38888281475444164,8.776758409785933e-05,0.36114697785465444
0.39657282741738065,0.7921330348576912,0.14074984634296248,0.049788535271906145,0.0024872579001019367,0.6266475016444564
0.8261933904528762,0.4968553459119497,0.13480844089325955,0.22524482465563095,0.0,0.5852315638170876
0.7588739290085679,0.5618803965462105,0.06719934439664002,0.012818470842174837,0.0035066258919469926,0.2692523205106341
0.8090575275397797,0.5309668478840209,0.6701495595164925,0.1555471622061375,0.001692150866462793,0.7194192023777621
0.7931456548347613,0.46700778168638746,0.9979512395001024,0.31615481915497023,0.0,0.7434282651594513
0.5973072215422276,0.7654834239420105,0.09219422249539028,0.003091101430745534,1.916411824668705e-05,0.21123955465685684
0.7662178702570379,0.697260419997868,0.27883630403605814,0.22524482465563095,0.0002854230377166157,0.5310132287377883
0.6560587515299877,0.6812706534484596,0.030116779348494153,0.005333547961729237,0.006360856269113149,0.5127475820401004
0.6144430844553244,0.45208399957360623,0.06453595574677318,0.5686825816531348,0.0781855249745158,0.6951177917996443
0.5679314565483475,0.9435028248587571,0.11841835689407904,0.0062729512382224085,0.0003720693170234454,0.39149633347138646
0.6058751529987759,0.6173115872508261,0.02130710919893463,0.03817225819699057,0.14067278287461774,0.3396106901844227
0.3757649938800489,0.16213623281100095,0.0055316533497234074,0.9979797779000148,0.8144750254841998,0.1715472507125977
0.6988984088127294,0.7729453149984011,0.010448678549477564,0.3070638197050363,0.09959225280326196,0.5616732038882256
0.5226438188494491,0.4019827310521267,0.8975619750051219,0.3717109269045665,0.0,0.1422150218042732
0.204406364749082,0.6290374160537257,0.1200573652939971,0.14645616275620357,0.12640163098878696,0.6350951348454211
0.22031823745410037,0.2186334079522439,0.059414054497029294,0.2585784893053887,0.9204892966360856,0.2447194679270105
0.19583843329253361,0.2527449099243151,0.06515058389674244,0.6949464629022172,0.6962283384301733,0.44991107754525295
0.3280293757649938,0.47446967274277796,0.02315099364884244,0.01665689283214694,0.6146788990825688,0.0
0.4283965728274173,0.6183775716874534,0.7828313870108584,0.7373711270019089,0.2568807339449541,0.21173898214242204
0.7282741738066095,0.3593433535870377,0.6762958410161851,0.6939363518522246,3.312945973496432e-06,0.10980095987526495
0.47123623011015914,0.9872081867604733,0.11800860479409955,0.004889099099732467,0.0,0.7446707432942723
0.48225214198286415,0.8401023345059162,0.18049580004097518,0.001363811535258088,0.0,0.6221222013789072
0.6217870257037943,0.8774117897878692,0.02069248104896538,0.07544535594171968,9.82670744138634e-05,0.2845153117158379
0.6340269277845777,0.7409657818995843,0.03933620159803317,0.177769605305976,8.654434250764525e-06,0.3194874168635954
0.3929008567931457,0.5746722097857372,0.05265314484736732,0.46767147665386904,0.0,0.26812556337856597
0.46756425948592406,0.9840102334505917,0.13890596189305468,0.006545681221720427,3.6901121304791025e-05,0.3666224084585963
0.3047735618115055,0.8166506769001173,0.0682237246465888,0.0045658635637348165,0.9714576962283383,0.5895497843935
0.24357405140758873,0.4233024197846712,0.03155091169842245,0.09857689898655157,0.00022324159021406726,0.10048846444319931
0.3990208078335373,0.8326404434495257,0.573857816021307,0.02685901443707279,0.0,0.20087947962092234
0.5826193390452876,0.7281739686600576,0.10469166154476539,0.0013941148667578676,0.0,0.4212853558116305
0.7662178702570379,0.8155846924634901,0.02274124154886293,0.024131714602092614,2.538226299694189e-06,0.42165079055716614
